name,email,phone
John Smith,john.smith@email.com,+91 98765 43210
Jane Doe,jane.doe@email.com,+91 87654 32109
Alice Johnson,alice.j@email.com,+91 76543 21098
Bob Brown,bob.brown@email.com,+91 65432 10987
Carol White,carol.white@email.com,+91 54321 09876
David Green,david.green@email.com,+91 43210 98765
Emma Wilson,emma.wilson@email.com,+91 32109 87654
Frank Harris,frank.harris@email.com,+91 21098 76543
Grace Lewis,grace.lewis@email.com,+91 10987 65432
Henry Clark,henry.clark@email.com,+91 99876 54321
Irene Hall,irene.hall@email.com,+91 88765 43210
Jack Young,jack.young@email.com,+91 77654 32109
Kelly King,kelly.king@email.com,+91 66543 21098
Leo Wright,leo.wright@email.com,+91 55432 10987
Mia Scott,mia.scott@email.com,+91 44321 09876
Noah Adams,noah.adams@email.com,+91 33210 98765
Olivia Turner,olivia.turner@email.com,+91 22109 87654
Paul Parker,paul.parker@email.com,+91 11098 76543
Quinn Murphy,quinn.murphy@email.com,+91 99876 54320
Rachel Lee,rachel.lee@email.com,+91 88765 43201
Sam Nelson,sam.nelson@email.com,+91 77654 32102
Tina Rivera,tina.rivera@email.com,+91 66543 21003
Uma Martinez,uma.martinez@email.com,+91 55432 10904
Victor Campbell,victor.campbell@email.com,+91 44321 09805
Wendy Mitchell,wendy.mitchell@email.com,+91 33210 98706
Xander Lopez,xander.lopez@email.com,+91 22109 87607
Yara Gonzalez,yara.gonzalez@email.com,+91 11098 76508
Zack Ramirez,zach.ramirez@email.com,+91 99876 54309
Ava Foster,ava.foster@email.com,+91 88765 43210
Brian Bell,brian.bell@email.com,+91 77654 32111
Claire Brooks,claire.brooks@email.com,+91 66543 21012
Derek Hughes,derek.hughes@email.com,+91 55432 10913
Ella Reed,ella.reed@email.com,+91 44321 09814
Fred Cox,fred.cox@email.com,+91 33210 98715
Gina Price,gina.price@email.com,+91 22109 87616
Henry Hayes,henry.hayes@email.com,+91 11098 76517
Isla Ward,isla.ward@email.com,+91 99876 54318
Jason Wood,jason.wood@email.com,+91 88765 43219
Kira Stewart,kira.stewart@email.com,+91 77654 32120
Liam Bennett,liam.bennett@email.com,+91 66543 21021
Maya Jenkins,maya.jenkins@email.com,+91 55432 10922
Nathan Rivera,nathan.rivera@email.com,+91 44321 09823
Olivia Martinez,olivia.martinez@email.com,+91 33210 98724
Peter Carter,peter.carter@email.com,+91 22109 87625
Quincy Foster,quincy.foster@email.com,+91 11098 76526
Riley Knight,riley.knight@email.com,+91 99876 54327
Sophia Wallace,sophia.wallace@email.com,+91 88765 43228
Tyler Brooks,tyler.brooks@email.com,+91 77654 32129
Vicky Price,vicky.price@email.com,+91 66543 21030
Wyatt Brooks,wyatt.brooks@email.com,+91 55432 10931